Sentiment,Avg_Likes,Avg_Retweets
Neutral,90.475,25.825
Negative,76.5945945945946,27.89189189189189
Positive,57.82608695652174,24.043478260869566
