AgeGroup,Avg_Likes,Avg_Retweets
Teen,88.6470588235294,24.764705882352942
Senior,80.77272727272727,28.40909090909091
Adult,69.9090909090909,24.060606060606062
